client_id,first_name,last_name,email,country,account_type,created_at
C001,Megan,Chang,greenwilliam@yahoo.com,Uruguay,Premium,2022-12-22
C002,Tammy,Howard,juancampos@lloyd.org,United Arab Emirates,Premium,2021-08-23
C003,Kyle,Blair,wcastro@yahoo.com,Germany,Standard,2022-02-18
C004,Tammy,Woods,trujilloana@gmail.com,Bermuda,Premium,2023-10-15
C005,Jennifer,Glover,vclayton@cross.com,Comoros,Gold,2025-03-22
C006,Jeffrey,Pratt,udavis@bolton.com,Romania,Premium,2021-06-15
C007,Amy,Olsen,sean96@johnston-roberts.com,Swaziland,Premium,2021-12-25
C008,Antonio,Zavala,rjones@gmail.com,Turkey,Premium,2021-08-31
C009,Sandra,Kirby,aimee33@hotmail.com,Myanmar,Premium,2023-12-18
C010,Bethany,Hayes,nguyendarrell@hotmail.com,Niue,Premium,2023-03-31
C011,Megan,Sanchez,thorntonnathan@gmail.com,Grenada,Gold,2024-01-07
C012,Lisa,Garcia,brandonberry@guzman.com,Netherlands,Standard,2025-04-17
C013,David,Davis,jacobsjames@robbins.com,Saint Lucia,Gold,2020-11-29
C014,Sharon,Johnson,huffchad@gmail.com,Oman,Standard,2022-12-15
C015,Michael,White,carlsonholly@yahoo.com,Cook Islands,Premium,2022-08-10
C016,Michael,Dennis,tammybrown@moore.com,Nauru,Standard,2024-02-27
C017,Elizabeth,Smith,deborah64@gmail.com,Moldova,Standard,2020-07-01
C018,Stephen,Miller,dennis75@roberts.org,Bulgaria,Gold,2023-01-13
C019,Paul,Perry,wheelerholly@allen.info,Honduras,Premium,2025-03-24
C020,Nancy,Johnson,martincaleb@hotmail.com,Cayman Islands,Gold,2024-03-10
C021,Allison,Freeman,simpsonlarry@williams-carson.biz,Comoros,Gold,2025-01-22
C022,Yvonne,Schultz,valeriemorales@butler.com,Swaziland,Gold,2024-11-20
C023,Cheryl,Lee,joshua21@nash-sanders.com,Angola,Standard,2022-09-24
C024,Robin,Marsh,dennis85@wiggins.com,Armenia,Premium,2020-09-27
C025,Jamie,Green,sheena09@hotmail.com,Lithuania,Standard,2024-04-18
C026,Danielle,Watson,nicholascarter@hernandez.com,Somalia,Gold,2023-07-08
C027,Jennifer,Morgan,nelsonedward@roberts.com,Brazil,Standard,2024-06-17
C028,Jessica,Peck,melodychandler@yahoo.com,Iraq,Gold,2023-03-10
C029,Kevin,Rodriguez,zrogers@yahoo.com,British Virgin Islands,Premium,2024-06-20
C030,Darren,Jimenez,matthew22@cunningham.com,Bahrain,Premium,2021-02-11
C031,James,Walker,garciaangela@yahoo.com,Kiribati,Gold,2024-07-20
C032,Kristina,Klein,omiller@richards-jackson.com,Guinea-Bissau,Standard,2021-05-16
C033,Caleb,Boyer,mgoodwin@crawford.com,Norway,Premium,2020-10-01
C034,Wendy,Salinas,gonzaleznicholas@wilcox.info,Cameroon,Premium,2025-03-10
C035,Richard,Frazier,martha73@hotmail.com,New Caledonia,Premium,2022-04-03
C036,Alec,Thornton,austin24@hotmail.com,Slovenia,Gold,2021-09-20
C037,Megan,Aguilar,marshzachary@gmail.com,Bahrain,Gold,2022-04-23
C038,David,Turner,michelle27@yahoo.com,Macedonia,Standard,2023-08-24
C039,Rachel,Shaw,burgessrebecca@roberts.biz,Sweden,Gold,2024-06-30
C040,Megan,Compton,sandovalaaron@turner.com,Grenada,Premium,2020-12-13
C041,Trevor,Green,ycruz@gmail.com,Central African Republic,Premium,2021-06-23
C042,John,Blair,mcmahontimothy@gmail.com,Liechtenstein,Gold,2021-02-01
C043,Emily,Hernandez,djohnson@yahoo.com,Kuwait,Premium,2020-10-17
C044,Craig,Osborne,georgedavid@garcia-dunn.com,Congo,Standard,2023-08-28
C045,Krista,Waters,bishoptanner@peck.org,French Polynesia,Gold,2021-06-22
C046,Susan,Hughes,stonekristen@gmail.com,Argentina,Standard,2023-09-23
C047,Sean,Sherman,kristine10@gmail.com,Libyan Arab Jamahiriya,Standard,2022-07-26
C048,Rachel,Duffy,claytonweiss@chan.com,Yemen,Gold,2021-05-11
C049,Dustin,Snow,wallsrobert@gmail.com,Israel,Premium,2021-09-21
C050,Jessica,Johnson,bparks@yahoo.com,Uruguay,Gold,2023-02-26
C051,Jennifer,Miller,howardanthony@thompson-greer.com,Svalbard & Jan Mayen Islands,Gold,2023-07-04
C052,Chad,Barry,harrisemily@adkins.com,Portugal,Gold,2020-08-08
C053,Sarah,Hall,shawnwoods@haley.com,Grenada,Standard,2024-06-02
C054,Susan,Phillips,brittanymiller@hotmail.com,Morocco,Gold,2023-01-05
C055,Eric,Hurst,lesliesanchez@carter.com,Tokelau,Premium,2021-07-08
C056,Carolyn,Long,robertpierce@house.com,Belize,Premium,2022-07-03
C057,Sean,Wood,aortiz@valenzuela.info,Bermuda,Standard,2021-12-21
C058,Laura,Hill,lhebert@reynolds-wright.info,Guam,Gold,2024-11-04
C059,Douglas,Ford,sfischer@greer.org,Kyrgyz Republic,Premium,2020-06-17
C060,Jeffery,Wilson,rogerpotter@gmail.com,Philippines,Gold,2024-08-17
C061,Kathleen,Hall,crystal01@yahoo.com,Turks and Caicos Islands,Standard,2020-09-26
C062,Aaron,Ross,qgarcia@yahoo.com,Finland,Standard,2022-01-23
C063,Caitlin,Johnson,amanda18@gmail.com,Uganda,Gold,2021-10-14
C064,Carlos,Callahan,audreyburton@hotmail.com,Bosnia and Herzegovina,Standard,2023-11-21
C065,Stephanie,Stephens,scott92@gmail.com,British Virgin Islands,Standard,2021-06-02
C066,Patrick,Garza,michael76@woods.net,Ghana,Standard,2024-08-01
C067,Denise,Brown,juliewilliams@hotmail.com,Cuba,Gold,2020-08-11
C068,Michael,Myers,mcdanielchristopher@middleton.com,Nicaragua,Premium,2020-06-04
C069,Yvonne,Marks,donaldberry@gmail.com,Bosnia and Herzegovina,Standard,2024-02-01
C070,Steven,Rivera,robert62@fitzpatrick-hernandez.com,Bulgaria,Standard,2022-03-03
C071,Renee,Wallace,yroman@hotmail.com,Cyprus,Premium,2022-01-23
C072,Scott,Harris,ojohnson@pitts.com,Samoa,Gold,2021-11-13
C073,Jesse,Evans,kelsey56@brown-terry.net,Venezuela,Premium,2024-01-21
C074,Bianca,Henry,matthewwilliams@gmail.com,Central African Republic,Standard,2023-05-15
C075,Adam,Pena,buchananerin@sanders.com,Netherlands,Premium,2021-04-06
C076,Catherine,Miller,amanda54@gmail.com,Maldives,Gold,2020-10-08
C077,James,Miller,maryking@hotmail.com,Saint Pierre and Miquelon,Premium,2022-12-16
C078,Larry,Heath,tcooper@gmail.com,Aruba,Gold,2022-12-30
C079,Sarah,Jones,dhardy@yahoo.com,Lithuania,Standard,2024-04-23
C080,Scott,Miller,mckenzieeric@alexander.biz,Moldova,Gold,2023-10-01
C081,Benjamin,White,davidpitts@yahoo.com,Ghana,Premium,2024-02-04
C082,Daniel,Lam,kimberly89@herrera-green.com,Andorra,Gold,2021-05-27
C083,Christina,Joseph,swright@osborn.biz,Togo,Standard,2020-10-25
C084,David,Brewer,jerome84@singh.com,Malaysia,Gold,2023-01-04
C085,Emily,Hall,brandi20@hotmail.com,Macedonia,Gold,2023-03-08
C086,Michael,Walters,lmoore@esparza.info,Mongolia,Gold,2022-03-18
C087,Joe,Anderson,lgomez@fuller.org,Syrian Arab Republic,Premium,2020-08-12
C088,Alicia,Howard,alexander38@hotmail.com,Central African Republic,Premium,2024-08-07
C089,Lisa,Mclaughlin,greencassandra@hotmail.com,Comoros,Standard,2023-02-01
C090,Kristen,Cruz,benjaminbarber@cooper.com,Eritrea,Gold,2023-04-28
C091,Emily,Torres,oconnoredward@gmail.com,Liechtenstein,Premium,2020-11-30
C092,Angel,Williams,carl05@henderson.biz,Cambodia,Premium,2023-06-10
C093,Larry,Banks,qsmith@hotmail.com,Marshall Islands,Gold,2024-04-30
C094,Katherine,Cunningham,kfinley@mason.net,Tajikistan,Standard,2021-08-27
C095,Christopher,Young,sonyafrye@newton.net,Chile,Premium,2021-01-22
C096,Ronald,Hancock,nmckinney@williams.biz,Anguilla,Standard,2020-09-13
C097,Tyler,Howard,wyoung@moss.com,Faroe Islands,Standard,2024-07-31
C098,Sheryl,Smith,xmadden@hotmail.com,Montenegro,Standard,2025-02-02
C099,Jose,Mcdaniel,zgriffith@yahoo.com,Lithuania,Standard,2020-10-29
C100,Andrew,Singh,erin94@gill.biz,Syrian Arab Republic,Gold,2022-07-11
